{"payload":{"installed_packages":["absl-py==1.3.0","asttokens==2.1.0","attrs==22.1.0","backcall==0.2.0","cachetools==5.2.0","certifi==2022.9.24","charset-normalizer==2.1.1","clearml==1.8.3","colorama==0.4.6","comet-ml==3.31.19","configobj==5.0.6","contourpy==1.0.6","cycler==0.11.0","decorator==5.1.1","dulwich==0.20.50","everett==3.1.0","executing==1.2.0","fonttools==4.38.0","furl==2.1.3","gitdb==4.0.9","gitpython==3.1.29","google-auth-oauthlib==0.4.6","google-auth==2.14.1","grpcio==1.50.0","idna==3.4","importlib-metadata==5.0.0","ipython==8.6.0","jedi==0.18.2","jsonschema==4.17.3","kiwisolver==1.4.4","markdown==3.4.1","markupsafe==2.1.1","matplotlib-inline==0.1.6","matplotlib==3.6.2","numpy==1.23.5","oauthlib==3.2.2","opencv-python==4.6.0.66","orderedmultidict==1.0.1","packaging==21.3","pandas==1.5.2","parso==0.8.3","pathlib2==2.3.7.post1","pickleshare==0.7.5","pillow==9.3.0","pip==22.3.1","prompt-toolkit==3.0.33","protobuf==3.20.3","psutil==5.9.4","pure-eval==0.2.2","pyasn1-modules==0.2.8","pyasn1==0.4.8","pygments==2.13.0","pyjwt==2.4.0","pyparsing==3.0.9","pyrsistent==0.19.2","python-dateutil==2.8.2","pytz==2022.6","pyyaml==6.0","requests-oauthlib==1.3.1","requests-toolbelt==0.10.1","requests==2.28.1","rsa==4.9","scipy==1.9.3","seaborn==0.12.1","semantic-version==2.10.0","sentry-sdk==1.11.1","setuptools==57.4.0","simplejson==3.18.0","six==1.16.0","smmap==5.0.0","stack-data==0.6.1","tensorboard-data-server==0.6.1","tensorboard-plugin-wit==1.8.1","tensorboard==2.11.0","thop==0.1.1.post2209072238","torch==1.13.0","torchvision==0.14.0","tqdm==4.64.1","traitlets==5.5.0","typing-extensions==4.4.0","urllib3==1.26.12","wcwidth==0.2.5","websocket-client==1.3.3","werkzeug==2.2.2","wheel==0.38.4","wrapt==1.14.1","wurlitzer==3.0.3","zipp==3.10.0"],"local_timestamp":1670238505954},"type":"ws_msg"}
{"payload":{"env_details":{"command":["train.py","--img","640","--batch","4","--epochs","100","--data","C:\\Users\\FLo\\source\\repos\\Python_projects\\data\\20220131_export\\dataset.yaml","--weights","C:\\Users\\FLo\\source\\repos\\Python_projects\\data\\weights\\weights_20220101_UtrechtLabels_pretrained\\last.torchscript.pt","--name","pretrainedUtrecht"],"env":null,"hostname":"DESKTOP-CATODCK","ip":"138.131.217.245","machine":"AMD64","os":"Windows-10-10.0.19044-SP0","os_release":"10","os_type":"Windows","pid":25180,"processor":"AMD64 Family 23 Model 113 Stepping 0, AuthenticAMD","python_exe":"C:\\Users\\FLo\\source\\repos\\Python_projects\\.venv\\yolov5\\Scripts\\python.exe","python_version":"3.9.7","python_version_verbose":"3.9.7 (default, Sep 16 2021, 16:59:28) [MSC v.1916 64 bit (AMD64)]","user":"FLo"},"local_timestamp":1670238505989},"type":"ws_msg"}
{"payload":{"gpu_static_info":[{"gpu_index":0,"name":"NVIDIA GeForce RTX 3080 Ti","power_limit":350000,"total_memory":12884901888,"uuid":"GPU-79732f4b-8c6a-7ac0-3d8e-978d6e556f58"}],"local_timestamp":1670238506013},"type":"ws_msg"}
{"payload":{"local_timestamp":1670238506016,"metric":{"epoch":null,"metricName":"sys.gpu.0.total_memory","metricValue":12884901888,"step":null}},"type":"metric_msg"}
{"payload":{"local_timestamp":1670238506132,"param":{"paramName":"img","paramValue":640,"source":"cli","step":null}},"type":"parameter_msg"}
{"payload":{"local_timestamp":1670238506132,"param":{"paramName":"batch","paramValue":4,"source":"cli","step":null}},"type":"parameter_msg"}
{"payload":{"local_timestamp":1670238506132,"param":{"paramName":"epochs","paramValue":100,"source":"cli","step":null}},"type":"parameter_msg"}
{"payload":{"local_timestamp":1670238506132,"param":{"paramName":"data","paramValue":"C:\\Users\\FLo\\source\\repos\\Python_projects\\data\\20220131_export\\dataset.yaml","source":"cli","step":null}},"type":"parameter_msg"}
{"payload":{"local_timestamp":1670238506132,"param":{"paramName":"weights","paramValue":"C:\\Users\\FLo\\source\\repos\\Python_projects\\data\\weights\\weights_20220101_UtrechtLabels_pretrained\\last.torchscript.pt","source":"cli","step":null}},"type":"parameter_msg"}
{"payload":{"local_timestamp":1670238506132,"param":{"paramName":"name","paramValue":"pretrainedUtrecht","source":"cli","step":null}},"type":"parameter_msg"}
{"payload":{"local_timestamp":1670238506132,"metric":{"epoch":null,"metricName":"sys.cpu.percent.avg","metricValue":4.7250000000000005,"step":null}},"type":"metric_msg"}
{"payload":{"local_timestamp":1670238506132,"metric":{"epoch":null,"metricName":"sys.cpu.percent.01","metricValue":1.0,"step":null}},"type":"metric_msg"}
{"payload":{"local_timestamp":1670238506132,"metric":{"epoch":null,"metricName":"sys.cpu.percent.02","metricValue":4.5,"step":null}},"type":"metric_msg"}
{"payload":{"local_timestamp":1670238506132,"metric":{"epoch":null,"metricName":"sys.cpu.percent.03","metricValue":8.5,"step":null}},"type":"metric_msg"}
{"payload":{"local_timestamp":1670238506132,"metric":{"epoch":null,"metricName":"sys.cpu.percent.04","metricValue":1.5,"step":null}},"type":"metric_msg"}
{"payload":{"local_timestamp":1670238506132,"metric":{"epoch":null,"metricName":"sys.cpu.percent.05","metricValue":2.5,"step":null}},"type":"metric_msg"}
{"payload":{"local_timestamp":1670238506132,"metric":{"epoch":null,"metricName":"sys.cpu.percent.06","metricValue":2.0,"step":null}},"type":"metric_msg"}
{"payload":{"local_timestamp":1670238506132,"metric":{"epoch":null,"metricName":"sys.cpu.percent.07","metricValue":2.0,"step":null}},"type":"metric_msg"}
{"payload":{"local_timestamp":1670238506132,"metric":{"epoch":null,"metricName":"sys.cpu.percent.08","metricValue":8.0,"step":null}},"type":"metric_msg"}
{"payload":{"local_timestamp":1670238506133,"metric":{"epoch":null,"metricName":"sys.cpu.percent.09","metricValue":5.4,"step":null}},"type":"metric_msg"}
{"payload":{"local_timestamp":1670238506133,"metric":{"epoch":null,"metricName":"sys.cpu.percent.10","metricValue":0.0,"step":null}},"type":"metric_msg"}
{"payload":{"local_timestamp":1670238506133,"metric":{"epoch":null,"metricName":"sys.cpu.percent.11","metricValue":2.0,"step":null}},"type":"metric_msg"}
{"payload":{"local_timestamp":1670238506133,"metric":{"epoch":null,"metricName":"sys.cpu.percent.12","metricValue":33.0,"step":null}},"type":"metric_msg"}
{"payload":{"local_timestamp":1670238506133,"metric":{"epoch":null,"metricName":"sys.cpu.percent.13","metricValue":0.0,"step":null}},"type":"metric_msg"}
{"payload":{"local_timestamp":1670238506133,"metric":{"epoch":null,"metricName":"sys.cpu.percent.14","metricValue":1.0,"step":null}},"type":"metric_msg"}
{"payload":{"local_timestamp":1670238506133,"metric":{"epoch":null,"metricName":"sys.cpu.percent.15","metricValue":0.5,"step":null}},"type":"metric_msg"}
{"payload":{"local_timestamp":1670238506133,"metric":{"epoch":null,"metricName":"sys.cpu.percent.16","metricValue":2.0,"step":null}},"type":"metric_msg"}
{"payload":{"local_timestamp":1670238506133,"metric":{"epoch":null,"metricName":"sys.cpu.percent.17","metricValue":0.0,"step":null}},"type":"metric_msg"}
{"payload":{"local_timestamp":1670238506133,"metric":{"epoch":null,"metricName":"sys.cpu.percent.18","metricValue":0.5,"step":null}},"type":"metric_msg"}
{"payload":{"local_timestamp":1670238506133,"metric":{"epoch":null,"metricName":"sys.cpu.percent.19","metricValue":0.0,"step":null}},"type":"metric_msg"}
{"payload":{"local_timestamp":1670238506133,"metric":{"epoch":null,"metricName":"sys.cpu.percent.20","metricValue":0.0,"step":null}},"type":"metric_msg"}
{"payload":{"local_timestamp":1670238506133,"metric":{"epoch":null,"metricName":"sys.cpu.percent.21","metricValue":0.5,"step":null}},"type":"metric_msg"}
{"payload":{"local_timestamp":1670238506133,"metric":{"epoch":null,"metricName":"sys.cpu.percent.22","metricValue":0.5,"step":null}},"type":"metric_msg"}
{"payload":{"local_timestamp":1670238506133,"metric":{"epoch":null,"metricName":"sys.cpu.percent.23","metricValue":7.5,"step":null}},"type":"metric_msg"}
{"payload":{"local_timestamp":1670238506133,"metric":{"epoch":null,"metricName":"sys.cpu.percent.24","metricValue":30.5,"step":null}},"type":"metric_msg"}
{"payload":{"local_timestamp":1670238506133,"metric":{"epoch":null,"metricName":"sys.load.avg","metricValue":0.0,"step":null}},"type":"metric_msg"}
{"payload":{"local_timestamp":1670238506133,"metric":{"epoch":null,"metricName":"sys.ram.total","metricValue":137342709760,"step":null}},"type":"metric_msg"}
{"payload":{"local_timestamp":1670238506133,"metric":{"epoch":null,"metricName":"sys.ram.used","metricValue":19319013376,"step":null}},"type":"metric_msg"}
{"payload":{"local_timestamp":1670238506133,"log_other":{"key":"offline_experiment","val":true}},"type":"ws_msg"}
{"payload":{"local_timestamp":1670238506135,"stderr":true,"stdout":"Traceback (most recent call last):\n"},"type":"ws_msg"}
{"payload":{"local_timestamp":1670238506135,"stderr":true,"stdout":"  File \"C:\\Users\\FLo\\source\\repos\\Python_projects\\yolov5\\train.py\", line 636, in <module>\n"},"type":"ws_msg"}
{"payload":{"local_timestamp":1670238506136,"stderr":true,"stdout":"    "},"type":"ws_msg"}
{"payload":{"local_timestamp":1670238506136,"stderr":true,"stdout":"main(opt)"},"type":"ws_msg"}
{"payload":{"local_timestamp":1670238506136,"stderr":true,"stdout":"\n"},"type":"ws_msg"}
{"payload":{"local_timestamp":1670238506136,"stderr":true,"stdout":"  File \"C:\\Users\\FLo\\source\\repos\\Python_projects\\yolov5\\train.py\", line 527, in main\n"},"type":"ws_msg"}
{"payload":{"local_timestamp":1670238506137,"stderr":true,"stdout":"    "},"type":"ws_msg"}
{"payload":{"local_timestamp":1670238506137,"stderr":true,"stdout":"train(opt.hyp, opt, device, callbacks)"},"type":"ws_msg"}
{"payload":{"local_timestamp":1670238506137,"stderr":true,"stdout":"\n"},"type":"ws_msg"}
{"payload":{"local_timestamp":1670238506137,"stderr":true,"stdout":"  File \"C:\\Users\\FLo\\source\\repos\\Python_projects\\yolov5\\train.py\", line 95, in train\n"},"type":"ws_msg"}
{"payload":{"local_timestamp":1670238506138,"stderr":true,"stdout":"    "},"type":"ws_msg"}
{"payload":{"local_timestamp":1670238506138,"stderr":true,"stdout":"loggers = Loggers(save_dir, weights, opt, hyp, LOGGER)  # loggers instance"},"type":"ws_msg"}
{"payload":{"local_timestamp":1670238506138,"stderr":true,"stdout":"\n"},"type":"ws_msg"}
{"payload":{"local_timestamp":1670238506138,"stderr":true,"stdout":"  File \"C:\\Users\\FLo\\source\\repos\\Python_projects\\yolov5\\utils\\loggers\\__init__.py\", line 139, in __init__\n"},"type":"ws_msg"}
{"payload":{"local_timestamp":1670238506138,"stderr":true,"stdout":"    "},"type":"ws_msg"}
{"payload":{"local_timestamp":1670238506138,"stderr":true,"stdout":"self.comet_logger = CometLogger(self.opt, self.hyp)"},"type":"ws_msg"}
{"payload":{"local_timestamp":1670238506138,"stderr":true,"stdout":"\n"},"type":"ws_msg"}
{"payload":{"local_timestamp":1670238506139,"stderr":true,"stdout":"  File \"C:\\Users\\FLo\\source\\repos\\Python_projects\\yolov5\\utils\\loggers\\comet\\__init__.py\", line 97, in __init__\n"},"type":"ws_msg"}
{"payload":{"local_timestamp":1670238506139,"stderr":true,"stdout":"    "},"type":"ws_msg"}
{"payload":{"local_timestamp":1670238506139,"stderr":true,"stdout":"self.data_dict = self.check_dataset(self.opt.data)"},"type":"ws_msg"}
{"payload":{"local_timestamp":1670238506139,"stderr":true,"stdout":"\n"},"type":"ws_msg"}
{"payload":{"local_timestamp":1670238506139,"stderr":true,"stdout":"  File \"C:\\Users\\FLo\\source\\repos\\Python_projects\\yolov5\\utils\\loggers\\comet\\__init__.py\", line 234, in check_dataset\n"},"type":"ws_msg"}
{"payload":{"local_timestamp":1670238506139,"stderr":true,"stdout":"    "},"type":"ws_msg"}
{"payload":{"local_timestamp":1670238506139,"stderr":true,"stdout":"if data_config['path'].startswith(COMET_PREFIX):"},"type":"ws_msg"}
{"payload":{"local_timestamp":1670238506139,"stderr":true,"stdout":"\n"},"type":"ws_msg"}
{"payload":{"local_timestamp":1670238506140,"stderr":true,"stdout":"KeyError"},"type":"ws_msg"}
{"payload":{"local_timestamp":1670238506140,"stderr":true,"stdout":": "},"type":"ws_msg"}
{"payload":{"local_timestamp":1670238506140,"stderr":true,"stdout":"'path'"},"type":"ws_msg"}
{"payload":{"local_timestamp":1670238506140,"stderr":true,"stdout":"\n"},"type":"ws_msg"}
{"payload":{"local_timestamp":1670238506140,"stderr":true,"stdout":"COMET INFO: ----------------------------------\n"},"type":"ws_msg"}
{"payload":{"local_timestamp":1670238506140,"stderr":true,"stdout":"COMET INFO: Comet.ml OfflineExperiment Summary\n"},"type":"ws_msg"}
{"payload":{"local_timestamp":1670238506140,"stderr":true,"stdout":"COMET INFO: ----------------------------------\n"},"type":"ws_msg"}
{"payload":{"local_timestamp":1670238506141,"stderr":true,"stdout":"COMET INFO:   Data:\n"},"type":"ws_msg"}
{"payload":{"local_timestamp":1670238506141,"stderr":true,"stdout":"COMET INFO:     display_summary_level : 1\n"},"type":"ws_msg"}
{"payload":{"local_timestamp":1670238506141,"stderr":true,"stdout":"COMET INFO:     url                   : [OfflineExperiment will get URL after upload]\n"},"type":"ws_msg"}
{"payload":{"local_timestamp":1670238506141,"stderr":true,"stdout":"COMET INFO:   Others:\n"},"type":"ws_msg"}
{"payload":{"local_timestamp":1670238506141,"stderr":true,"stdout":"COMET INFO:     offline_experiment : True\n"},"type":"ws_msg"}
{"payload":{"local_timestamp":1670238506142,"stderr":true,"stdout":"COMET INFO:   Uploads:\n"},"type":"ws_msg"}
{"payload":{"local_timestamp":1670238506142,"stderr":true,"stdout":"COMET INFO:     environment details : 1\n"},"type":"ws_msg"}
{"payload":{"local_timestamp":1670238506142,"stderr":true,"stdout":"COMET INFO:     installed packages  : 1\n"},"type":"ws_msg"}
{"payload":{"local_timestamp":1670238506142,"stderr":true,"stdout":"COMET INFO: ----------------------------------\n"},"type":"ws_msg"}
{"payload":{"local_timestamp":1670238506142,"stderr":true,"stdout":"COMET WARNING: Experiment Name is generated at upload time for Offline Experiments unless set explicitly with Experiment.set_name\n"},"type":"ws_msg"}
{"payload":{"local_timestamp":1670238506143,"stderr":true,"stdout":"COMET WARNING: Comet has disabled auto-logging functionality as it has been imported after the following ML modules: torch, tensorboard. Metrics and hyperparameters can still be logged using comet_ml.log_metrics() and comet_ml.log_parameters()\n"},"type":"ws_msg"}
{"payload":{"local_timestamp":1670238506143,"log_other":{"key":"sys.already_imported_modules","val":"[\"torch\", \"tensorboard\"]"}},"type":"ws_msg"}
{"payload":{"local_timestamp":1670238506149,"metric":{"epoch":null,"metricName":"sys.gpu.0.free_memory","metricValue":10952335360,"step":null}},"type":"metric_msg"}
{"payload":{"local_timestamp":1670238506149,"metric":{"epoch":null,"metricName":"sys.gpu.0.gpu_utilization","metricValue":5,"step":null}},"type":"metric_msg"}
{"payload":{"local_timestamp":1670238506149,"metric":{"epoch":null,"metricName":"sys.gpu.0.power_usage","metricValue":25921,"step":null}},"type":"metric_msg"}
{"payload":{"local_timestamp":1670238506149,"metric":{"epoch":null,"metricName":"sys.gpu.0.temperature","metricValue":44,"step":null}},"type":"metric_msg"}
{"payload":{"local_timestamp":1670238506149,"metric":{"epoch":null,"metricName":"sys.gpu.0.used_memory","metricValue":1932566528,"step":null}},"type":"metric_msg"}
